Question,Answer
"How do I track my order?","You can track your order by logging into your account and clicking 'Track Order'."
"Do you offer international shipping?","Yes, we offer international shipping to selected countries."
"What payment methods do you accept?","We accept credit cards, debit cards, and PayPal."
"How do I cancel my subscription?","Go to your account settings and click 'Cancel Subscription'."
"How can I contact customer support?","You can contact us via chat, email, or our hotline."
"Is my personal information secure?","Yes, we prioritize data security and follow strict privacy measures."
"What is your return policy?","We accept returns within 30 days of delivery."
"How long does shipping take?","Shipping usually takes 3-5 business days."
"Can I change my delivery address?","Yes, you can update your address before the order ships."
"How do I redeem a gift card?","Enter the gift card code during checkout."
